{
  "method": "isotonic",
  "x": [
    0.010663602336317714,
    0.09970016667395136,
    0.10078760554140906,
    0.16350074816915144,
    0.16417915870040528,
    0.2637494922805309,
    0.26437768722710486,
    0.26645982235269894,
    0.26650538869338036,
    0.2750752558938072,
    0.27545340683856745,
    0.341589738483592,
    0.3418131211500589,
    0.3850546261118229,
    0.3852321497193679,
    0.45685393707936556,
    0.45691276008319814,
    0.5336899653241691,
    0.5338344065960946,
    0.588415479406474,
    0.5888084641682614,
    0.5956953402337523,
    0.5956977737049858,
    0.6810224244895693,
    0.6816495115715036,
    0.6863446420408583,
    0.686558053865812,
    0.6905974788481197,
    0.6909370715470584,
    0.7629918754739243,
    0.7630216572388683,
    0.78632824802973,
    0.7868789878736572,
    0.7924577323238268,
    0.7924828170200943,
    0.8759028115934964,
    0.8759365771183933,
    0.9186560555133578,
    0.919319765368882,
    0.9817590415984341
  ],
  "y": [
    0.01,
    0.01,
    0.12962962962962962,
    0.12962962962962962,
    0.2,
    0.2,
    0.2222222222222222,
    0.2222222222222222,
    0.2631578947368421,
    0.2631578947368421,
    0.3197278911564626,
    0.3197278911564626,
    0.35658914728682173,
    0.35658914728682173,
    0.40625,
    0.40625,
    0.5211267605633801,
    0.5211267605633801,
    0.5714285714285714,
    0.5714285714285714,
    0.6129032258064516,
    0.6129032258064516,
    0.6179775280898876,
    0.6179775280898876,
    0.6521739130434783,
    0.6521739130434783,
    0.6774193548387096,
    0.6774193548387096,
    0.7260726072607261,
    0.7260726072607261,
    0.8076923076923077,
    0.8076923076923077,
    0.8095238095238095,
    0.8095238095238095,
    0.8447653429602888,
    0.8447653429602888,
    0.8933333333333333,
    0.8933333333333333,
    0.99,
    0.99
  ],
  "n_samples": 2667
}