{
  "method": "isotonic",
  "x": [
    0.023837319664317534,
    0.10272246681963314,
    0.10309786917406646,
    0.15376908649626686,
    0.15571096710228954,
    0.1921228670940057,
    0.19401707207434593,
    0.226505810739346,
    0.22650817761103903,
    0.2599251166637236,
    0.26070288914726536,
    0.28021771872265167,
    0.2802204435233498,
    0.28901705812239287,
    0.28985056951243066,
    0.31203816172309684,
    0.3126492898637741,
    0.3688627775967753,
    0.3691804828208332,
    0.4153180538446386,
    0.4153397673085241,
    0.447987375117241,
    0.447990715927407,
    0.5012444356963909,
    0.502257629432394,
    0.5029584903265796,
    0.5053258492949407,
    0.5122640727716272,
    0.5125025027429797,
    0.5299166276042002,
    0.5300411405090479,
    0.5863507962462654,
    0.587330163464416,
    0.5918517315873473,
    0.5920276312571292,
    0.633325396802852,
    0.6333627325739747,
    0.6502275159945127,
    0.650265996149495,
    0.6783472911376728,
    0.6792338897941306,
    0.7129338692987401,
    0.7131826047867952,
    0.719579226477325,
    0.7206817043408374,
    0.7497082797735221,
    0.7497108147505793,
    0.7511568174615445,
    0.7518999644637633,
    0.7679598408874104,
    0.7686788578824101,
    0.774863388933345,
    0.7750118534616667,
    0.7753143712970476,
    0.775549620560429,
    0.7998059477398816,
    0.7998081108107514,
    0.8521673427515538,
    0.8526771819518165,
    0.9140596036731838,
    0.9140935568813683,
    0.9760612157151589
  ],
  "y": [
    0.01,
    0.01,
    0.16666666666666666,
    0.16666666666666666,
    0.18,
    0.18,
    0.19148936170212766,
    0.19148936170212766,
    0.21875,
    0.21875,
    0.22916666666666666,
    0.22916666666666666,
    0.23529411764705882,
    0.23529411764705882,
    0.31666666666666665,
    0.31666666666666665,
    0.3541666666666667,
    0.3541666666666667,
    0.3918918918918919,
    0.3918918918918919,
    0.45528455284552843,
    0.45528455284552843,
    0.4585365853658537,
    0.4585365853658537,
    0.5,
    0.5,
    0.5333333333333333,
    0.5333333333333333,
    0.5476190476190477,
    0.5476190476190477,
    0.5702479338842974,
    0.5702479338842974,
    0.6,
    0.6,
    0.6153846153846154,
    0.6153846153846154,
    0.6326530612244898,
    0.6326530612244898,
    0.6386554621848739,
    0.6386554621848739,
    0.676829268292683,
    0.676829268292683,
    0.7222222222222222,
    0.7222222222222222,
    0.726027397260274,
    0.726027397260274,
    0.75,
    0.75,
    0.759493670886076,
    0.759493670886076,
    0.78125,
    0.78125,
    0.8,
    0.8,
    0.8125,
    0.8125,
    0.8224852071005917,
    0.8224852071005917,
    0.9,
    0.9,
    0.99,
    0.99
  ],
  "n_samples": 2667
}